dataset,accuracy,auc,dp_diff,eo_diff
Adult Income,0.8533510965361755,0.9074210833767068,0.16612841421188687,0.07469746091190754
Heart Disease,0.9016393442622951,0.9577922077922079,0.38536585365853654,0.16666666666666663
