dataset,sensitive,accuracy_mean,accuracy_std,auc_mean,auc_std,dp_mean,dp_std,eo_mean,eo_std,n_runs,n_dp_valid,n_eo_valid
Adult,marital-status,0.8506312510247581,0.002236237708144289,0.9040919988217819,0.0022305077226891586,0.399567764765414,0.05564476492675152,0.5599491952227896,0.1441756071170243,30,30,30
Adult,race,0.8510028966497241,0.002295835163447443,0.9050431145853942,0.002196771619298593,0.1725004776880065,0.026254985880863283,0.24859526418202388,0.0989340980715554,30,30,30
Adult,relationship,0.8507733508225392,0.0024693815665184364,0.9032320762229303,0.002260675375663799,0.4029681698629496,0.008959992516503595,0.4366646544395225,0.04141241148799374,30,30,30
Adult,sex,0.8509946985844673,0.0022906761338603566,0.9043545940413863,0.002286266566657469,0.17554157800306644,0.005311287355659298,0.10161174210873233,0.017727275525690325,30,30,30
