dataset,accuracy,auc,dp_diff,eo_diff
Heart Disease,0.9016393442622951,0.9577922077922079,0.38536585365853654,0.16666666666666663
