dataset,accuracy,auc,dp_diff,eo_diff
Adult Income,0.8533510965361755,0.9074210833767068,0.16612841421188687,0.07469746091190754
